Ticker;Name;Sektor;Branche;MarketCap_Mrd;Daten_ok;Sektor_Finanz;Finanzwert;Current_Ratio;Nettoschulden_Mrd;EBITDA_Mrd;Nettoschuldenfrei;EBITDA_nicht_positiv;NettoSchulden_EBITDA;Eigenkapitalquote_%;Gewinnjahre;Gewinne_alle_positiv;K6_Steigung_pro_Jahr;K6_Durchschnittsgewinn;K6_Kennzahl;K6_bewertbar;Dividende;Status
ABT;Abbott Laboratories;Healthcare;Medical Devices;179,25;True;False;False;1,58;4,92;12,07;False;False;0,41;60,1;4;True;645200000,0;8145500000,0;0,0792;True;True;OK
ALB;Albemarle Corporation;Basic Materials;Specialty Chemicals;13,55;True;False;False;2,23;1,68;0,31;False;False;5,34;58,2;4;False;-1235425700,0;643303750,0;-1,9204;False;True;OK
ALGN;Align Technology, Inc.;Healthcare;Medical Instruments & Supplies;10,47;True;False;False;1,36;-0,98;0,82;True;False;-1,19;65,0;4;True;12264300,0;409584750,0;0,0299;True;False;OK
ALLE;Allegion plc;Industrials;Security & Protection Services;13,12;True;False;False;1,84;1,62;1,0;False;False;1,62;39,6;4;True;61450000,0;559925000,0;0,1097;True;True;OK
AMCR;Amcor plc;Consumer Cyclical;Packaging & Containers;19,82;True;False;False;1,25;13,75;3,44;False;False;4,0;31,8;4;True;-4500000,0;848750000,0;-0,0053;True;True;OK
ARE;Alexandria Real Estate Equities, Inc.;Real Estate;REIT - Office;9,0;True;False;False;0,43;12,21;0,36;False;False;33,88;45,4;4;False;-563438000,0;-120330500,0;4,6824;False;True;OK
BSX;Boston Scientific Corporation;Healthcare;Medical Devices;64,14;True;False;False;1,62;9,47;5,1;False;False;1,86;55,5;4;True;686100000,0;1760750000,0;0,3897;True;False;OK
CARR;Carrier Global Corporation;Industrials;Building Products & Equipment;45,63;True;False;False;1,2;10,7;3,53;False;False;3,03;37,1;4;True;-189500000,0;2992750000,0;-0,0633;True;True;OK
CBRE;CBRE Group, Inc.;Real Estate;Real Estate Services;39,31;True;False;False;1,09;8,13;2,02;False;False;4,02;28,8;4;True;-76800000,0;1129500000,0;-0,068;True;False;OK
CDNS;Cadence Design Systems, Inc.;Technology;Software - Application;86,26;True;False;False;2,86;-0,54;1,87;True;False;-0,29;53,9;4;True;79414800,0;1013617000,0;0,0783;True;False;OK
CEG;Constellation Energy Corporation;Utilities;Utilities - Independent Power Producers;93,14;True;False;False;1,53;5,35;5,96;False;False;0,9;25,4;4;False;956300000,0;1882750000,0;0,5079;False;True;OK
CI;The Cigna Group;Healthcare;Healthcare Plans;70,99;True;False;False;0,85;22,82;11,96;False;False;1,91;26,4;4;True;-397100000,0;5314750000,0;-0,0747;True;True;OK
CMS;CMS Energy Corporation;Utilities;Utilities - Regulated Electric;19,79;True;False;False;0,98;18,39;3,35;False;False;5,49;22,9;4;True;81800000,0;949500000,0;0,0862;True;True;OK
CRI;Carter's, Inc.;Consumer Cyclical;Apparel Retail;1,11;True;False;False;2,51;0,7;0,2;False;False;3,46;36,1;4;True;-52171700,0;189960750,0;-0,2746;True;True;OK
CVX;Chevron Corporation;Energy;Oil & Gas Integrated;402,04;True;False;False;1,15;34,46;41,42;False;False;0,83;57,5;4;True;-7320600000,0;21698500000,0;-0,3374;True;True;OK
D;Dominion Energy, Inc.;Utilities;Utilities - Regulated Electric;53,88;True;False;False;0,77;48,69;8,32;False;False;5,85;25,1;4;True;549300000,0;2046250000,0;0,2684;True;True;OK
EQIX;Equinix, Inc.;Real Estate;REIT - Specialty;102,51;True;False;False;1,32;19,5;4,1;False;False;4,75;35,3;4;True;178100000,0;959750000,0;0,1856;True;True;OK
FE;FirstEnergy Corp.;Utilities;Utilities - Regulated Electric;25,28;True;False;False;0,57;26,5;4,25;False;False;6,23;22,4;4;True;171800000,0;876500000,0;0,196;True;True;OK
FFIN;First Financial Bankshares, Inc.;Financial Services;Banks - Regional;4,61;True;True;True;;-1,06;;True;;;12,4;4;True;8184600,0;227635500,0;0,036;True;True;OK
FHN;First Horizon Corporation;Financial Services;Banks - Regional;10,97;True;True;True;;-0,57;;True;;;10,5;4;True;12400000,0;888500000,0;0,014;True;True;OK
FITB;Fifth Third Bancorp;Financial Services;Banks - Regional;47,28;True;True;True;;10,46;;False;;;10,1;4;True;19300000,0;2407750000,0;0,008;True;True;OK
FTNT;Fortinet, Inc.;Technology;Software - Infrastructure;130,69;True;False;False;1,17;-2,59;2,45;True;False;-1,05;11,9;4;True;358570000,0;1400925000,0;0,256;True;False;OK
GNTX;Gentex Corporation;Consumer Cyclical;Auto Parts;4,67;True;False;False;2,91;-0,15;0,59;True;False;-0,25;84,9;4;True;17433651,6;384122433,5;0,0454;True;True;OK
HP;Helmerich & Payne, Inc.;Energy;Oil & Gas Drilling;3,95;True;False;False;1,8;1,99;0,66;False;False;3,02;40,6;4;False;-60187900,0;155380750,0;-0,3874;False;True;OK
ICE;Intercontinental Exchange, Inc.;Financial Services;Financial Data & Stock Exchanges;87,76;True;True;False;1,02;16,66;6,71;False;False;2,48;21,1;4;True;599300000,0;2470750000,0;0,2426;True;True;OK
ILMN;Illumina, Inc.;Healthcare;Diagnostics & Research;38,13;True;False;False;2,08;0,92;1,46;False;False;0,63;41,0;4;False;1570000000,0;-1484500000,0;-1,0576;False;False;OK
MCD;McDonald's Corporation;Consumer Cyclical;Restaurants;167,97;True;False;False;0,95;54,04;14,68;False;False;3,68;-3,0;4;True;691200000,0;7858000000,0;0,088;True;True;OK
MCK;McKesson Corporation;Healthcare;Medical Distribution;103,13;True;False;False;0,85;4,64;7,18;False;False;0,65;-2,6;4;True;389900000,0;3654750000,0;0,1067;True;True;OK
MET;MetLife, Inc.;Financial Services;Insurance - Life;61,79;True;True;True;;-98,13;;True;;;3,8;4;True;-286700000,0;3666750000,0;-0,0782;True;True;OK
MOS;The Mosaic Company;Basic Materials;Agricultural Inputs;7,87;True;False;False;1,32;5,0;2,5;False;False;2,0;49,4;4;True;-1011630000,0;1365825000,0;-0,7407;True;True;OK
NOV;NOV Inc.;Energy;Oil & Gas Equipment & Services;7,23;True;False;False;2,42;0,79;0,82;False;False;0,96;55,5;4;True;-38800000,0;482000000,0;-0,0805;True;True;OK
NTRS;Northern Trust Corporation;Financial Services;Asset Management;31,84;True;True;True;;-47,13;;True;;;7,3;4;True;212650000,0;1552825000,0;0,1369;True;True;OK
PH;Parker-Hannifin Corporation;Industrials;Specialty Industrial Machinery;122,61;True;False;False;1,26;8,02;5,9;False;False;1,36;49,9;4;True;538200000,0;3026500000,0;0,1778;True;True;OK
PLD;Prologis, Inc.;Real Estate;REIT - Industrial;130,78;True;False;False;0,91;34,53;7,37;False;False;4,69;53,9;4;True;56254600,0;3370984000,0;0,0167;True;True;OK
RJF;Raymond James Financial, Inc.;Financial Services;Asset Management;30,43;True;True;True;;-7,17;;True;;;14,2;4;True;220700000,0;1862750000,0;0,1185;True;True;OK
RSG;Republic Services, Inc.;Industrials;Waste Management;65,21;True;False;False;0,64;13,73;5,1;False;False;2,69;;4;True;226500000,0;1850250000,0;0,1224;True;True;OK
TDY;Teledyne Technologies Incorporated;Technology;Scientific & Technical Instruments;28,7;True;False;False;1,64;2,29;1,49;False;False;1,54;68,8;4;True;25210000,0;847075000,0;0,0298;True;False;OK
UPS;United Parcel Service, Inc.;Industrials;Integrated Freight & Logistics;81,88;True;False;False;1,22;22,7;11,93;False;False;1,9;22,2;4;True;-1885400000,0;7402500000,0;-0,2547;True;True;OK
VMC;Vulcan Materials Company;Basic Materials;Building Materials;32,04;True;False;False;2,69;4,7;2,36;False;False;1,99;51,0;4;True;148200000,0;874350000,0;0,1695;True;True;OK
WMB;The Williams Companies, Inc.;Energy;Oil & Gas Midstream;87,29;True;False;False;0,53;29,33;7,41;False;False;3,96;21,9;4;True;75300000,0;2517750000,0;0,0299;True;True;OK
